Nome do Produto;Valor do Produto;Quantidade em Estoque
Smart Tv 50 HQ 4K 3 HDMI 2 Usb Wi-Fi Design Slim;1749.00;50
Smart Tv 50 HQ 4K 3 HDMI 2 Usb Wi-Fi Design Slim;1749.00;5
Smart Tv 50 HQ 4K 3 HDMI 2 Usb Wi-Fi Design Slim;1749.00;20
Smart Tv 50 HQ 4K 3 HDMI 2 Usb Wi-Fi Design Slim;1749.00;2
Smart Tv 50 HQ 4K 3 HDMI 2 Usb Wi-Fi Design Slim;1749.00;11
Smart Tv Android HQ 43;1193.00;4
Smart Tv Android HQ 43;1193.00;10
Smart Tv Android HQ 43;1193.00;20
Smart Tv Android HQ 43;1193.00;100
Smart Tv Android HQ 43;1193.00;1
Samsung Smart Tv 60 UHD 4K;2849.00;6
Samsung Smart Tv 60 UHD 4K;2849.00;4
Samsung Smart Tv 60 UHD 4K;2849.00;9
Samsung Smart Tv 60 UHD 4K;2849.00;21
Samsung Smart Tv 60 UHD 4K;2849.00;0
Tv 32 HQ Led Hd HQTVS32 3 HDMI 2 Usb;849.00;2
Tv 32 HQ Led Hd HQTVS32 3 HDMI 2 Usb;849.00;1
Tv 32 HQ Led Hd HQTVS32 3 HDMI 2 Usb;849.00;1
Tv 32 HQ Led Hd HQTVS32 3 HDMI 2 Usb;849.00;7
Tv 32 HQ Led Hd HQTVS32 3 HDMI 2 Usb;849.00;11
Smart Tv 4K Samsung Crystal UHD 85 Dynamic Crystal COLOR;9799.00;2
Smart Tv 4K Samsung Crystal UHD 85 Dynamic Crystal COLOR;9799.00;0
Smart Tv 4K Samsung Crystal UHD 85 Dynamic Crystal COLOR;9799.00;5
Smart Tv 4K Samsung Crystal UHD 85 Dynamic Crystal COLOR;9799.00;0
Smart Tv 4K Samsung Crystal UHD 85 Dynamic Crystal COLOR;9799.00;1